scene, isNormal, angle, targetLocationX, targetLocationY, targetLocationZ, attackLocationX, attackLocationY, attackLocationZ
0,False,-15,-0.03999901,1.476168,-1.201158,-0.03999901,1.753383,-0.7913039
1,True,10,-0.03999853,1.747824,-0.8023273,-0.03999853,1.573004,-1.082679
2,True,-20,-0.03999853,1.862283,-0.5246679,-0.03999853,1.952289,0.1274193
3,True,-10,-0.03999949,-1.280312,-1.285403,-0.03999901,-1.026941,-1.497446
4,False,5,-0.03999996,-1.526751,1.096081,-0.03999949,-1.430123,1.230263
5,False,-15,-0.03999901,-0.7003069,-1.680425,-0.03999853,-0.2248862,-1.817554
6,False,20,-0.03999949,-1.630467,0.9174091,-0.03999996,-1.234214,1.443054
7,True,0,-0.03999901,-0.2999227,-1.804673,-0.03999901,-0.2999227,-1.804673
