scene, isNormal, angle, targetLocationX, targetLocationY, targetLocationZ, attackLocationX, attackLocationY, attackLocationZ
0,True,20,-0.03999805,-1.444899,-1.098078,-0.03999805,-1.749174,-0.5143517
1,False,15,-0.03999853,-1.428642,-1.118938,-0.03999805,-1.682231,-0.6940593
2,True,-5,-0.03999805,1.142662,-1.497918,-0.03999853,1.27402,-1.397487
3,True,-10,-0.03999853,-1.671854,-0.7176745,-0.03999805,-1.511119,-1.006332
4,True,-15,-0.03999853,1.930122,0.3540814,-0.03999853,1.789344,0.8284348
5,True,-20,-0.03999853,0.6706636,-1.737132,-0.03999901,1.24722,-1.419482
6,True,-20,-0.03999901,-0.7145394,1.787341,-0.03999901,-1.259885,1.418672
7,False,-15,-0.03999901,-1.773035,0.545648,-0.03999853,-1.837212,0.05502528
8,False,-15,-0.03999853,-0.07373548,-1.834214,-0.03999853,0.4201391,-1.803934
