scene, isNormal, angle, targetLocationX, targetLocationY, targetLocationZ, attackLocationX, attackLocationY, attackLocationZ
0,True,0,-0.04000092,1.79731,0.8103151,-0.04000092,1.79731,0.8103151
1,True,-10,-0.03999996,0.06067061,1.952012,-0.03999996,-0.2685018,1.923646
2,True,-5,-0.03999949,-0.3716164,-1.789436,-0.03999949,-0.2090881,-1.819871
3,True,25,-0.04000044,1.86543,0.6280097,-0.03999996,1.937595,-0.1892951
4,True,-15,-0.03999996,-1.488209,-1.039397,-0.03999949,-1.151851,-1.402292
5,True,15,-0.03999949,1.159256,-1.486211,-0.03999949,0.72243,-1.718616
