scene, isNormal, angle, targetLocationX, targetLocationY, targetLocationZ, attackLocationX, attackLocationY, attackLocationZ
0,True,0,0.1788417,1.059693,-5.855071,0.1788417,1.059693,-5.855071
1,True,0,-2.955964,2.055496,-5.976849,-2.955964,2.055496,-5.976849
2,True,0,-0.9445535,0.519182,-5.898712,-0.9445535,0.519182,-5.898712
