scene, isNormal, angle, targetLocationX, targetLocationY, targetLocationZ, attackLocationX, attackLocationY, attackLocationZ
0,True,0,-0.03999853,-1.003559,-1.513513,-0.03999853,-1.003559,-1.513513
1,True,15,-0.03999901,1.940118,-0.1691726,-0.03999853,1.817559,-0.6485556
2,True,15,-0.03999949,-1.253476,1.424846,-0.03999949,-0.8546535,1.71771
3,False,20,-0.03999853,-1.829856,-0.1102303,-0.03999901,-1.773052,0.5455844
4,True,0,-0.03999901,0.7616928,-1.703424,-0.03999901,0.7616928,-1.703424
5,False,25,-0.03999901,-1.687147,-0.6825554,-0.03999901,-1.836002,0.1243131
