{"cameraMode":{"drawMode":0,"name":"Shaded","section":"Shading Mode"},"sceneLighting":true,"audioPlay":false,"sceneViewState":{"showFog":true,"showMaterialUpdate":false,"showSkybox":true,"showFlares":true,"showImageEffects":true,"showParticleSystems":true},"in2DMode":false,"pivot":{"x":-5.986597061157227,"y":1.6149874925613404,"z":-10.272380828857422},"rotation":{"x":0.01601550169289112,"y":-0.7292386889457703,"z":0.017070697620511056,"w":0.6838724613189697},"size":1.3300249576568604,"orthographic":false}