{"cameraMode":{"drawMode":0,"name":"Shaded","section":"Shading Mode"},"sceneLighting":true,"audioPlay":false,"sceneViewState":{"showFog":true,"showMaterialUpdate":false,"showSkybox":true,"showFlares":true,"showImageEffects":true,"showParticleSystems":true},"in2DMode":false,"pivot":{"x":-10.438810348510743,"y":2.57741641998291,"z":0.21153195202350617},"rotation":{"x":0.003775699296966195,"y":0.7128046751022339,"z":0.0038478183560073377,"w":-0.7013693451881409},"size":3.9552371501922609,"orthographic":false}