{"cameraMode":{"drawMode":0,"name":"Shaded","section":"Shading Mode"},"sceneLighting":true,"audioPlay":false,"sceneViewState":{"showFog":true,"showMaterialUpdate":false,"showSkybox":true,"showFlares":true,"showImageEffects":true,"showParticleSystems":true},"in2DMode":false,"pivot":{"x":-5.6825056076049809,"y":2.0507874488830568,"z":0.49998021125793459},"rotation":{"x":0.0037343441508710386,"y":0.7201292514801025,"z":0.0038879055064171554,"w":-0.6938454508781433},"size":2.2311320304870607,"orthographic":false}