{"cameraMode":{"drawMode":0,"name":"Shaded","section":"Shading Mode"},"sceneLighting":true,"audioPlay":false,"sceneViewState":{"showFog":true,"showMaterialUpdate":false,"showSkybox":true,"showFlares":true,"showImageEffects":true,"showParticleSystems":true},"in2DMode":false,"pivot":{"x":-3.9994473457336427,"y":1.5253649950027466,"z":-4.508301734924316},"rotation":{"x":0.006096627563238144,"y":-0.6892620325088501,"z":0.005791900679469109,"w":0.7244825959205627},"size":1.6538515090942383,"orthographic":false}