scene, isNormal, angle, targetLocationX, targetLocationY, targetLocationZ, attackLocationX, attackLocationY, attackLocationZ
0,True,-5,-0.04000139,0.9367778,1.736092,-0.04000092,0.7870576,1.806274
1,False,-20,-0.03999996,1.424944,-1.25664,-0.04000044,1.791673,-0.7099875
2,False,20,-0.04000092,1.318743,1.472093,-0.04000044,1.72685,0.9555971
3,True,-5,-0.04000044,-1.679135,-0.7011956,-0.04000092,-1.606477,-0.8497308
4,False,15,-0.04000092,-0.983928,-1.526611,-0.04000092,-1.358183,-1.202941
