scene, isNormal, angle, targetLocationX, targetLocationY, targetLocationZ, attackLocationX, attackLocationY, attackLocationZ
0,True,10,-0.03999901,1.948752,0.1922619,-0.03999901,1.943587,-0.13809
1,True,0,-0.03999901,1.949347,-0.07048169,-0.03999901,1.949347,-0.07048169
2,True,5,-0.03999949,0.9331663,1.737975,-0.03999949,1.076378,1.655319
3,False,-10,-0.03999949,1.496653,1.290878,-0.03999949,1.260469,1.521911
4,True,10,-0.03999901,1.793058,0.8200514,-0.03999996,1.899273,0.507198
5,True,0,-0.03999949,-0.9299116,1.674075,-0.03999949,-0.9299116,1.674075
