scene, isNormal, angle, targetLocationX, targetLocationY, targetLocationZ, attackLocationX, attackLocationY, attackLocationZ
0,False,10,-0.03999853,0.4448197,1.912163,-0.03999853,0.7611613,1.816837
1,False,25,-0.03999901,0.9173071,1.746134,-0.03999853,1.550843,1.224763
2,False,15,-0.03999853,1.854218,0.662329,-0.03999805,1.949794,0.1768454
